{"schemaVersion":"1.0","appDefinitionTemplate":{"id":"/providers/Microsoft.PowerApps/apps/","type":"Microsoft.PowerApps/apps","tags":{"primaryDeviceWidth":"1366","primaryDeviceHeight":"768","supportsPortrait":"true","supportsLandscape":"true","primaryFormFactor":"Tablet","showStatusBar":"false","publisherVersion":"3.24111.12","minimumRequiredApiVersion":"2.2.0","hasComponent":"false","hasUnlockedComponent":"false","isUnifiedRootApp":"false","sienaVersion":"20241203T143253Z-3.24111.12.0"},"properties":{"appVersion":"2024-12-03T14:32:53Z","lifeCycleId":"Published","createdByClientVersion":{"major":3,"minor":24111,"build":12,"revision":0,"majorRevision":0,"minorRevision":0},"minClientVersion":{"major":3,"minor":24111,"build":12,"revision":0,"majorRevision":0,"minorRevision":0},"backgroundColor":"RGBA(0,176,240,1)","backgroundImageUri":"/17115020982770421736/N88cd4d6f-92b5-4491-999a-34ce464ad4eb-logoSmallFile","displayName":"Filter on Gallery","description":"","commitMessage":"","appUris":{"documentUri":{"value":"/17115020982770421736/Na2293504-a607-46ec-9d1c-8824af2fd1f8-document.msapp"},"imageUris":[],"additionalUris":[{"isSolutionAware":false,"value":"/17115020982770421736/N6637ac62-8a66-4e67-84b4-b61bb26c84e3-identity.json"}]},"createdTime":"0001-01-01T00:00:00Z","lastModifiedTime":"0001-01-01T00:00:00Z","sharedGroupsCount":0,"sharedUsersCount":0,"connectionReferences":{},"databaseReferences":{"default.cds":{"databaseDetails":{"referenceType":"Environmental","environmentName":"default.cds","overrideValues":{"status":"NotSpecified","environmentVariableName":""}},"dataSources":{"Employees":{"entitySetName":"cr016_table1s","logicalName":"cr016_table1","isHidden":false}},"actions":["providers/PowerPlatform.Governance/Operations/Read"]}},"almMode":"Environment","performanceOptimizationEnabled":false,"canConsumeAppPass":false,"enableModernRuntimeMode":false,"executionRestrictions":{"isTeamsOnly":false,"dataLossPreventionEvaluationResult":{"status":"Compliant","lastEvaluationDate":"2024-10-04T08:20:51.0769854Z","violations":[],"violationsByPolicy":[],"violationErrorMessage":"The app uses the following connectors: shared_commondataservice."}}},"appType":"ClassicCanvasApp","appComponents":[]}}